[
  {
    "name": "Account Manager Solution",
    "url": "https://www.shl.com/solutions/products/product-catalog/view/account-manager-solution/",
    "type": "Assessment",
    "description": "Account Manager Solution",
    "duration": "49",
    "remote_support": "Yes",
    "adaptive": "No"
  },
  {
    "name": "Administrative Professional - Short Form",
    "url": "https://www.shl.com/solutions/products/product-catalog/view/administrative-professional-short-form/",
    "type": "Assessment",
    "description": "Administrative Professional - Short Form",
    "duration": "36",
    "remote_support": "Yes",
    "adaptive": "No"
  },
  {
    "name": "Agency Manager Solution",
    "url": "https://www.shl.com/solutions/products/product-catalog/view/agency-manager-solution/",
    "type": "Assessment",
    "description": "Agency Manager Solution",
    "duration": "51",
    "remote_support": "Yes",
    "adaptive": "No"
  },
  {
    "name": "Apprentice + 8.0 Job Focused Assessment",
    "url": "https://www.shl.com/solutions/products/product-catalog/view/apprentice-8-0-job-focused-assessment-4261/",
    "type": "Assessment",
    "description": "Apprentice + 8.0 Job Focused Assessment",
    "duration": "30",
    "remote_support": "Yes",
    "adaptive": "No"
  },
  {
    "name": "Apprentice 8.0 Job Focused Assessment",
    "url": "https://www.shl.com/solutions/products/product-catalog/view/apprentice-8-0-job-focused-assessment/",
    "type": "Assessment",
    "description": "Apprentice 8.0 Job Focused Assessment",
    "duration": "20",
    "remote_support": "Yes",
    "adaptive": "No"
  },
  {
    "name": "Bank Administrative Assistant - Short Form",
    "url": "https://www.shl.com/solutions/products/product-catalog/view/bank-administrative-assistant-short-form/",
    "type": "Assessment",
    "description": "Bank Administrative Assistant - Short Form",
    "duration": "35",
    "remote_support": "Yes",
    "adaptive": "No"
  },
  {
    "name": "Bank Collections Agent - Short Form",
    "url": "https://www.shl.com/solutions/products/product-catalog/view/bank-collections-agent-short-form/",
    "type": "Assessment",
    "description": "Bank Collections Agent - Short Form",
    "duration": "45",
    "remote_support": "Yes",
    "adaptive": "No"
  },
  {
    "name": "Bank Operations Supervisor - Short Form",
    "url": "https://www.shl.com/solutions/products/product-catalog/view/bank-operations-supervisor-short-form/",
    "type": "Assessment",
    "description": "Bank Operations Supervisor - Short Form",
    "duration": "45",
    "remote_support": "Yes",
    "adaptive": "No"
  },
  {
    "name": "Bilingual Spanish Reservation Agent Solution",
    "url": "https://www.shl.com/solutions/products/product-catalog/view/bilingual-spanish-reservation-agent-solution/",
    "type": "Assessment",
    "description": "Bilingual Spanish Reservation Agent Solution",
    "duration": "43",
    "remote_support": "Yes",
    "adaptive": "No"
  },
  {
    "name": "Bookkeeping, Accounting, Auditing Clerk Short Form",
    "url": "https://www.shl.com/solutions/products/product-catalog/view/bookkeeping-accounting-auditing-clerk-short-form/",
    "type": "Assessment",
    "description": "Bookkeeping, Accounting, Auditing Clerk Short Form",
    "duration": "49",
    "remote_support": "Yes",
    "adaptive": "No"
  },
  {
    "name": "Branch Manager - Short Form",
    "url": "https://www.shl.com/solutions/products/product-catalog/view/branch-manager-short-form/",
    "type": "Assessment",
    "description": "Branch Manager - Short Form",
    "duration": "50",
    "remote_support": "Yes",
    "adaptive": "No"
  },
  {
    "name": "Cashier Solution",
    "url": "https://www.shl.com/solutions/products/product-catalog/view/cashier-solution/",
    "type": "Assessment",
    "description": "Cashier Solution",
    "duration": "28",
    "remote_support": "Yes",
    "adaptive": "No"
  },
  {
    "name": "Claims/Operations Supervisor Solution",
    "url": "https://www.shl.com/solutions/products/product-catalog/view/claimsoperations-supervisor-solution/",
    "type": "Assessment",
    "description": "Claims/Operations Supervisor Solution",
    "duration": "48",
    "remote_support": "Yes",
    "adaptive": "No"
  },
  {
    "name": "Contact Center Customer Service + 8.0",
    "url": "https://www.shl.com/solutions/products/product-catalog/view/contact-center-customer-service-8-0/",
    "type": "Assessment",
    "description": "Contact Center Customer Service + 8.0",
    "duration": "41",
    "remote_support": "Yes",
    "adaptive": "No"
  },
  {
    "name": "Contact Center Customer Service 8.0",
    "url": "https://www.shl.com/solutions/products/product-catalog/view/contact-center-customer-service-8-0-4269/",
    "type": "Assessment",
    "description": "Contact Center Customer Service 8.0",
    "duration": "31",
    "remote_support": "Yes",
    "adaptive": "No"
  },
  {
    "name": "Contact Center Manager - Short Form",
    "url": "https://www.shl.com/solutions/products/product-catalog/view/contact-center-manager-short-form/",
    "type": "Assessment",
    "description": "Contact Center Manager - Short Form",
    "duration": "50",
    "remote_support": "Yes",
    "adaptive": "No"
  },
  {
    "name": "Contact Center Sales & Service + 8.0",
    "url": "https://www.shl.com/solutions/products/product-catalog/view/contact-center-sales-and-service-8-0/",
    "type": "Assessment",
    "description": "Contact Center Sales & Service + 8.0",
    "duration": "41",
    "remote_support": "Yes",
    "adaptive": "No"
  },
  {
    "name": "Contact Center Sales & Service 8.0",
    "url": "https://www.shl.com/solutions/products/product-catalog/view/contact-center-sales-and-service-8-0-4268/",
    "type": "Assessment",
    "description": "Contact Center Sales & Service 8.0",
    "duration": "31",
    "remote_support": "Yes",
    "adaptive": "No"
  },
  {
    "name": "Contact Center Team Lead/Coach - Short Form",
    "url": "https://www.shl.com/solutions/products/product-catalog/view/contact-center-team-leadcoach-short-form/",
    "type": "Assessment",
    "description": "Contact Center Team Lead/Coach - Short Form",
    "duration": "45",
    "remote_support": "Yes",
    "adaptive": "No"
  },
  {
    "name": "Contact Centre Agent Solution - UK",
    "url": "https://www.shl.com/solutions/products/product-catalog/view/contact-centre-agent-solution-uk/",
    "type": "Assessment",
    "description": "Contact Centre Agent Solution - UK",
    "duration": "39",
    "remote_support": "Yes",
    "adaptive": "No"
  },
  {
    "name": "Customer Service - Short Form",
    "url": "https://www.shl.com/solutions/products/product-catalog/view/customer-service-short-form/",
    "type": "Assessment",
    "description": "Customer Service - Short Form",
    "duration": "42",
    "remote_support": "Yes",
    "adaptive": "No"
  },
  {
    "name": "Customer Service - Short Form - UK",
    "url": "https://www.shl.com/solutions/products/product-catalog/view/customer-service-short-form-uk/",
    "type": "Assessment",
    "description": "Customer Service - Short Form - UK",
    "duration": "42",
    "remote_support": "Yes",
    "adaptive": "No"
  },
  {
    "name": "Customer Service with Sales - Short Form",
    "url": "https://www.shl.com/solutions/products/product-catalog/view/customer-service-with-sales-short-form/",
    "type": "Assessment",
    "description": "Customer Service with Sales - Short Form",
    "duration": "44",
    "remote_support": "Yes",
    "adaptive": "No"
  },
  {
    "name": "Director - Short Form",
    "url": "https://www.shl.com/solutions/products/product-catalog/view/director-short-form/",
    "type": "Assessment",
    "description": "Director - Short Form",
    "duration": "69",
    "remote_support": "Yes",
    "adaptive": "No"
  },
  {
    "name": "District/Regional Manager Solution",
    "url": "https://www.shl.com/solutions/products/product-catalog/view/districtregional-manager-solution/",
    "type": "Assessment",
    "description": "District/Regional Manager Solution",
    "duration": "65",
    "remote_support": "Yes",
    "adaptive": "No"
  },
  {
    "name": "Entry Level Cashier 7.1 (Americas)",
    "url": "https://www.shl.com/solutions/products/product-catalog/view/entry-level-cashier-7-1-%28americas%29/",
    "type": "Assessment",
    "description": "Entry Level Cashier 7.1 (Americas)",
    "duration": "18",
    "remote_support": "Yes",
    "adaptive": "No"
  },
  {
    "name": "Entry Level Cashier 7.1 (International)",
    "url": "https://www.shl.com/solutions/products/product-catalog/view/entry-level-cashier-7-1-%28international%29/",
    "type": "Assessment",
    "description": "Entry Level Cashier 7.1 (International)",
    "duration": "18",
    "remote_support": "Yes",
    "adaptive": "No"
  },
  {
    "name": "Entry Level Customer Service 7.1 (Americas)",
    "url": "https://www.shl.com/solutions/products/product-catalog/view/entry-level-customer-service-7-1-%28americas%29/",
    "type": "Assessment",
    "description": "Entry Level Customer Service 7.1 (Americas)",
    "duration": "19",
    "remote_support": "Yes",
    "adaptive": "No"
  },
  {
    "name": "Entry Level Customer Service 7.1 (International)",
    "url": "https://www.shl.com/solutions/products/product-catalog/view/entry-level-customer-service-%28retail-and-cc%29-7-1/",
    "type": "Assessment",
    "description": "Entry Level Customer Service 7.1 (International)",
    "duration": "19",
    "remote_support": "Yes",
    "adaptive": "No"
  },
  {
    "name": "Entry Level Customer Service 7.1 (South Africa)",
    "url": "https://www.shl.com/solutions/products/product-catalog/view/entry-level-customer-service-7-1-%28south-africa%29/",
    "type": "Assessment",
    "description": "Entry Level Customer Service 7.1 (South Africa)",
    "duration": "19",
    "remote_support": "Yes",
    "adaptive": "No"
  },
  {
    "name": "Entry level Sales 7.1 (Americas)",
    "url": "https://www.shl.com/solutions/products/product-catalog/view/entry-level-sales-7-1-%28americas%29/",
    "type": "Assessment",
    "description": "Entry level Sales 7.1 (Americas)",
    "duration": "20",
    "remote_support": "Yes",
    "adaptive": "No"
  },
  {
    "name": "Entry level Sales 7.1 (International)",
    "url": "https://www.shl.com/solutions/products/product-catalog/view/entry-level-sales-7-1/",
    "type": "Assessment",
    "description": "Entry level Sales 7.1 (International)",
    "duration": "20",
    "remote_support": "Yes",
    "adaptive": "No"
  },
  {
    "name": "Entry Level Sales Sift Out 7.1",
    "url": "https://www.shl.com/solutions/products/product-catalog/view/entry-level-sales-sift-out-7-1/",
    "type": "Assessment",
    "description": "Entry Level Sales Sift Out 7.1",
    "duration": "20",
    "remote_support": "Yes",
    "adaptive": "No"
  },
  {
    "name": "Event Sales Manager Solution",
    "url": "https://www.shl.com/solutions/products/product-catalog/view/event-sales-manager-solution/",
    "type": "Assessment",
    "description": "Event Sales Manager Solution",
    "duration": "50",
    "remote_support": "Yes",
    "adaptive": "No"
  },
  {
    "name": "Executive - Short Form",
    "url": "https://www.shl.com/solutions/products/product-catalog/view/executive-short-form/",
    "type": "Assessment",
    "description": "Executive - Short Form",
    "duration": "74",
    "remote_support": "Yes",
    "adaptive": "No"
  },
  {
    "name": "Financial Professional - Short Form",
    "url": "https://www.shl.com/solutions/products/product-catalog/view/financial-professional-short-form/",
    "type": "Assessment",
    "description": "Financial Professional - Short Form",
    "duration": "35",
    "remote_support": "Yes",
    "adaptive": "No"
  },
  {
    "name": "Financial Services Representative Solution",
    "url": "https://www.shl.com/solutions/products/product-catalog/view/financial-services-representative-solution/",
    "type": "Assessment",
    "description": "Financial Services Representative Solution",
    "duration": "44",
    "remote_support": "Yes",
    "adaptive": "No"
  },
  {
    "name": "Front Desk Associate Solution",
    "url": "https://www.shl.com/solutions/products/product-catalog/view/front-desk-associate-solution/",
    "type": "Assessment",
    "description": "Front Desk Associate Solution",
    "duration": "50",
    "remote_support": "Yes",
    "adaptive": "No"
  },
  {
    "name": "Gaming Associate Solution",
    "url": "https://www.shl.com/solutions/products/product-catalog/view/gaming-associate-solution/",
    "type": "Assessment",
    "description": "Gaming Associate Solution",
    "duration": "50",
    "remote_support": "Yes",
    "adaptive": "No"
  },
  {
    "name": "Gaming Manager Solution",
    "url": "https://www.shl.com/solutions/products/product-catalog/view/gaming-manager-solution/",
    "type": "Assessment",
    "description": "Gaming Manager Solution",
    "duration": "55",
    "remote_support": "Yes",
    "adaptive": "No"
  },
  {
    "name": "General Entry Level - All Industries 7.0 Solution",
    "url": "https://www.shl.com/solutions/products/product-catalog/view/general-entry-level-all-industries-7-0-solution/",
    "type": "Assessment",
    "description": "General Entry Level - All Industries 7.0 Solution",
    "duration": "19",
    "remote_support": "Yes",
    "adaptive": "No"
  },
  {
    "name": "General Entry Level - All Industries 7.1 Solution",
    "url": "https://www.shl.com/solutions/products/product-catalog/view/general-entry-level-all-industries-7-1-solution/",
    "type": "Assessment",
    "description": "General Entry Level - All Industries 7.1 Solution",
    "duration": "19",
    "remote_support": "Yes",
    "adaptive": "No"
  },
  {
    "name": "General Entry Level - All Industries 7.1(Americas)",
    "url": "https://www.shl.com/solutions/products/product-catalog/view/general-entry-level-all-industries-7-1%28americas%29/",
    "type": "Assessment",
    "description": "General Entry Level - All Industries 7.1(Americas)",
    "duration": "19",
    "remote_support": "Yes",
    "adaptive": "No"
  },
  {
    "name": "General Entry Level – Data Entry 7.0 Solution",
    "url": "https://www.shl.com/solutions/products/product-catalog/view/general-entry-level-data-entry-7-0-solution/",
    "type": "Assessment",
    "description": "General Entry Level – Data Entry 7.0 Solution",
    "duration": "24",
    "remote_support": "Yes",
    "adaptive": "No"
  },
  {
    "name": "Graduate + 8.0 Job Focused Assessment",
    "url": "https://www.shl.com/solutions/products/product-catalog/view/graduate-8-0-job-focused-assessment/",
    "type": "Assessment",
    "description": "Graduate + 8.0 Job Focused Assessment",
    "duration": "30 minutes",
    "remote_support": "Yes",
    "adaptive": "No"
  },
  {
    "name": "Graduate 7.1 Job Focused Assessment",
    "url": "https://www.shl.com/solutions/products/product-catalog/view/graduate-7-1-job-focused-assessment/",
    "type": "Assessment",
    "description": "Graduate 7.1 Job Focused Assessment",
    "duration": "19",
    "remote_support": "Yes",
    "adaptive": "No"
  },
  {
    "name": "Graduate 8.0 Job Focused Assessment",
    "url": "https://www.shl.com/solutions/products/product-catalog/view/graduate-8-0-job-focused-assessment-4228/",
    "type": "Assessment",
    "description": "Graduate 8.0 Job Focused Assessment",
    "duration": "20 minutes",
    "remote_support": "Yes",
    "adaptive": "No"
  },
  {
    "name": "Guest Service Team 7.0 Solution",
    "url": "https://www.shl.com/solutions/products/product-catalog/view/guest-service-team-7-0-solution/",
    "type": "Assessment",
    "description": "Guest Service Team 7.0 Solution",
    "duration": "18",
    "remote_support": "Yes",
    "adaptive": "No"
  },
  {
    "name": "Guest Services Associate Solution",
    "url": "https://www.shl.com/solutions/products/product-catalog/view/guest-services-associate-solution/",
    "type": "Assessment",
    "description": "Guest Services Associate Solution",
    "duration": "48",
    "remote_support": "Yes",
    "adaptive": "No"
  },
  {
    "name": "Healthcare Aide 7.0 Solution",
    "url": "https://www.shl.com/solutions/products/product-catalog/view/healthcare-aide-7-0-solution/",
    "type": "Assessment",
    "description": "Healthcare Aide 7.0 Solution",
    "duration": "22",
    "remote_support": "Yes",
    "adaptive": "No"
  },
  {
    "name": "Healthcare Call Center Agent Solution",
    "url": "https://www.shl.com/solutions/products/product-catalog/view/healthcare-call-center-agent-solution/",
    "type": "Assessment",
    "description": "Healthcare Call Center Agent Solution",
    "duration": "44",
    "remote_support": "Yes",
    "adaptive": "No"
  },
  {
    "name": "Healthcare Service Associate Solution",
    "url": "https://www.shl.com/solutions/products/product-catalog/view/healthcare-service-associate-solution/",
    "type": "Assessment",
    "description": "Healthcare Service Associate Solution",
    "duration": "37",
    "remote_support": "Yes",
    "adaptive": "No"
  },
  {
    "name": "Healthcare Support Specialist Solution",
    "url": "https://www.shl.com/solutions/products/product-catalog/view/healthcare-support-specialist-solution/",
    "type": "Assessment",
    "description": "Healthcare Support Specialist Solution",
    "duration": "30",
    "remote_support": "Yes",
    "adaptive": "No"
  },
  {
    "name": "Home Health Aide Solution",
    "url": "https://www.shl.com/solutions/products/product-catalog/view/home-health-aide-solution/",
    "type": "Assessment",
    "description": "Home Health Aide Solution",
    "duration": "41",
    "remote_support": "Yes",
    "adaptive": "No"
  },
  {
    "name": "Hospitality Manager Solution",
    "url": "https://www.shl.com/solutions/products/product-catalog/view/hospitality-manager-solution/",
    "type": "Assessment",
    "description": "Hospitality Manager Solution",
    "duration": "57",
    "remote_support": "Yes",
    "adaptive": "No"
  },
  {
    "name": "Host Solution",
    "url": "https://www.shl.com/solutions/products/product-catalog/view/host-solution/",
    "type": "Assessment",
    "description": "Host Solution",
    "duration": "30",
    "remote_support": "Yes",
    "adaptive": "No"
  },
  {
    "name": "Industrial - Entry Level 7.0 Solution",
    "url": "https://www.shl.com/solutions/products/product-catalog/view/industrial-entry-level-7-0-solution/",
    "type": "Assessment",
    "description": "Industrial - Entry Level 7.0 Solution",
    "duration": "20",
    "remote_support": "Yes",
    "adaptive": "No"
  },
  {
    "name": "Industrial - Entry Level 7.1 (Americas)",
    "url": "https://www.shl.com/solutions/products/product-catalog/view/industrial-entry-level-7-1-%28americas%29/",
    "type": "Assessment",
    "description": "Industrial - Entry Level 7.1 (Americas)",
    "duration": "20",
    "remote_support": "Yes",
    "adaptive": "No"
  },
  {
    "name": "Industrial - Entry Level 7.1 (International)",
    "url": "https://www.shl.com/solutions/products/product-catalog/view/industrial-entry-level-7-1-%28international%29/",
    "type": "Assessment",
    "description": "Industrial - Entry Level 7.1 (International)",
    "duration": "20",
    "remote_support": "Yes",
    "adaptive": "No"
  },
  {
    "name": "Industrial - Professional and Skilled 7.0 Solution",
    "url": "https://www.shl.com/solutions/products/product-catalog/view/industrial-professional-and-skilled-7-0-solution/",
    "type": "Assessment",
    "description": "Industrial - Professional and Skilled 7.0 Solution",
    "duration": "49",
    "remote_support": "Yes",
    "adaptive": "No"
  },
  {
    "name": "Industrial - Semi-skilled 7.1 (Americas)",
    "url": "https://www.shl.com/solutions/products/product-catalog/view/industrial-semi-skilled-7-1-%28americas%29/",
    "type": "Assessment",
    "description": "Industrial - Semi-skilled 7.1 (Americas)",
    "duration": "24",
    "remote_support": "Yes",
    "adaptive": "No"
  },
  {
    "name": "Industrial - Semi-skilled 7.1 (International)",
    "url": "https://www.shl.com/solutions/products/product-catalog/view/industrial-semi-skilled-7-1-%28international%29/",
    "type": "Assessment",
    "description": "Industrial - Semi-skilled 7.1 (International)",
    "duration": "24",
    "remote_support": "Yes",
    "adaptive": "No"
  },
  {
    "name": "Industrial Professional and Skilled 7.1 (Americas)",
    "url": "https://www.shl.com/solutions/products/product-catalog/view/industrial-professional-and-skilled-7-1-%28americas%29/",
    "type": "Assessment",
    "description": "Industrial Professional and Skilled 7.1 (Americas)",
    "duration": "49",
    "remote_support": "Yes",
    "adaptive": "No"
  },
  {
    "name": "Industrial Professional and Skilled 7.1 Solution",
    "url": "https://www.shl.com/solutions/products/product-catalog/view/industrial-professional-and-skilled-7-1-solution/",
    "type": "Assessment",
    "description": "Industrial Professional and Skilled 7.1 Solution",
    "duration": "49",
    "remote_support": "Yes",
    "adaptive": "No"
  },
  {
    "name": "Installation and Repair Technician Solution",
    "url": "https://www.shl.com/solutions/products/product-catalog/view/installation-and-repair-technician-solution/",
    "type": "Assessment",
    "description": "Installation and Repair Technician Solution",
    "duration": "49",
    "remote_support": "Yes",
    "adaptive": "No"
  },
  {
    "name": "Insurance Account Manager Solution",
    "url": "https://www.shl.com/solutions/products/product-catalog/view/insurance-account-manager-solution/",
    "type": "Assessment",
    "description": "Insurance Account Manager Solution",
    "duration": "48",
    "remote_support": "Yes",
    "adaptive": "No"
  },
  {
    "name": "Insurance Administrative Assistant Solution",
    "url": "https://www.shl.com/solutions/products/product-catalog/view/insurance-administrative-assistant-solution/",
    "type": "Assessment",
    "description": "Insurance Administrative Assistant Solution",
    "duration": "24",
    "remote_support": "Yes",
    "adaptive": "No"
  },
  {
    "name": "Insurance Agent Solution",
    "url": "https://www.shl.com/solutions/products/product-catalog/view/insurance-agent-solution/",
    "type": "Assessment",
    "description": "Insurance Agent Solution",
    "duration": "46",
    "remote_support": "Yes",
    "adaptive": "No"
  },
  {
    "name": "Insurance Director Solution",
    "url": "https://www.shl.com/solutions/products/product-catalog/view/insurance-director-solution/",
    "type": "Assessment",
    "description": "Insurance Director Solution",
    "duration": "49",
    "remote_support": "Yes",
    "adaptive": "No"
  },
  {
    "name": "Insurance Sales Manager Solution",
    "url": "https://www.shl.com/solutions/products/product-catalog/view/insurance-sales-manager-solution/",
    "type": "Assessment",
    "description": "Insurance Sales Manager Solution",
    "duration": "51",
    "remote_support": "Yes",
    "adaptive": "No"
  },
  {
    "name": "Manager - Short Form",
    "url": "https://www.shl.com/solutions/products/product-catalog/view/manager-short-form/",
    "type": "Assessment",
    "description": "Manager - Short Form",
    "duration": "57",
    "remote_support": "Yes",
    "adaptive": "No"
  },
  {
    "name": "Manager + 7.0 Solution",
    "url": "https://www.shl.com/solutions/products/product-catalog/view/manager-7-0-solution-3955/",
    "type": "Assessment",
    "description": "Manager + 7.0 Solution",
    "duration": "53",
    "remote_support": "Yes",
    "adaptive": "No"
  }
]